sample_id,neg_category,lat,lon,image_name
0000000,fuel,32.7931878,-96.61264705,neg_0000000.png
0000001,fuel,28.46325635,-81.4511709656864,neg_0000001.png
0000002,fuel,44.2728374,-88.45547227615512,neg_0000002.png
0000003,fuel,32.814235100000005,-96.60216295,neg_0000003.png
0000004,fuel,36.1139486,-80.1892209,neg_0000004.png
0000005,fuel,44.2736734,-88.43559731721552,neg_0000005.png
0000006,fuel,32.8317544,-96.61282942176234,neg_0000006.png
0000007,fuel,32.813566800000004,-96.634528425709,neg_0000007.png
0000008,fuel,33.5486921,-84.5780995,neg_0000008.png
0000009,fuel,36.1098189,-80.2137436,neg_0000009.png
0000010,fuel,43.6484579,-79.6546742,neg_0000010.png
0000011,fuel,44.26460355,-88.41507908248258,neg_0000011.png
0000012,fuel,32.81963135,-96.64111409163772,neg_0000012.png
0000013,fuel,41.89682275,-87.6375274,neg_0000013.png
0000014,fuel,32.640209,-117.099057,neg_0000014.png
0000015,fuel,28.4424431,-81.4268343,neg_0000015.png
0000016,fuel,32.82326345,-96.5960938,neg_0000016.png
0000017,fuel,44.3022494,-88.41600275093793,neg_0000017.png
0000018,fuel,41.8693112,-87.64400765650062,neg_0000018.png
0000019,fuel,42.2564947,-89.0450503,neg_0000019.png
0000020,fuel,43.6751761,-79.6735503,neg_0000020.png
0000021,fuel,41.89640765,-87.63459442600775,neg_0000021.png
0000022,fuel,36.1086363,-80.2146918,neg_0000022.png
0000023,fuel,44.2727994,-88.44005104814137,neg_0000023.png
0000024,fuel,32.79786745,-96.61138372064156,neg_0000024.png
0000025,fuel,43.6526025,-79.6429894,neg_0000025.png
0000026,fuel,41.88780465,-87.66105232521244,neg_0000026.png
0000027,fuel,47.233952,-122.3371560419073,neg_0000027.png
0000028,fuel,44.27265675,-88.40637016239269,neg_0000028.png
0000029,fuel,41.877608300000006,-87.65239079480975,neg_0000029.png
0000030,fuel,32.8101288,-96.6287523790102,neg_0000030.png
0000031,fuel,38.0176219,-84.46346271969027,neg_0000031.png
0000032,fuel,44.2876424,-88.41413227502238,neg_0000032.png
0000033,fuel,32.788984850000006,-96.60818105,neg_0000033.png
0000034,fuel,28.4728959,-81.41682800000001,neg_0000034.png
0000035,fuel,44.2668879,-88.46146987355809,neg_0000035.png
0000036,fuel,42.2596513,-89.0537015,neg_0000036.png
0000037,fuel,32.81476885,-96.63532035,neg_0000037.png
0000038,fuel,44.2624615,-88.46056815701098,neg_0000038.png
0000039,fuel,44.2868819,-88.40634556255209,neg_0000039.png
0000040,fuel,28.46174635,-81.45940789876992,neg_0000040.png
0000041,fuel,42.2231721,-89.070141,neg_0000041.png
0000042,fuel,32.8199496,-96.64152002712584,neg_0000042.png
0000043,fuel,44.2743754,-88.45558858172433,neg_0000043.png
0000044,fuel,44.27570075,-88.41621443193264,neg_0000044.png
0000045,fuel,37.9954966,-84.44022452729328,neg_0000045.png
0000046,fuel,41.876804,-87.6567779012814,neg_0000046.png
0000047,fuel,44.3013909,-88.41596785491532,neg_0000047.png
0000048,fuel,42.2230826,-89.0734667,neg_0000048.png
0000049,fuel,28.4380044,-81.42663935,neg_0000049.png
0000050,fuel,44.2870654,-88.44697184489473,neg_0000050.png
0000051,fuel,32.79721085,-96.61149565,neg_0000051.png
0000052,fuel,35.7914361,-82.65337417525579,neg_0000052.png
0000053,fuel,44.2812211,-88.4611710744729,neg_0000053.png
0000054,fuel,32.6691349,-117.1130158,neg_0000054.png
0000055,fuel,33.3963368,-84.60109272361353,neg_0000055.png
0000056,fuel,43.6542713,-79.6426955,neg_0000056.png
0000057,fuel,44.2846589,-88.4561655,neg_0000057.png
0000058,fuel,28.44945815,-81.46624494937954,neg_0000058.png
0000059,fuel,34.23515535,-83.7947621,neg_0000059.png
0000060,fuel,33.54155,-84.5755179,neg_0000060.png
0000061,fuel,38.007313,-84.4266922,neg_0000061.png
0000062,fuel,32.8027355,-96.62389398837227,neg_0000062.png
0000063,fuel,47.205669150000006,-122.31867016119529,neg_0000063.png
0000064,fuel,28.4725794,-81.426803,neg_0000064.png
0000065,fuel,38.01738255,-84.4559156,neg_0000065.png
0000066,fuel,44.2740882,-88.4171547215938,neg_0000066.png
0000067,fuel,36.7295415,-86.57863450956147,neg_0000067.png
0000068,fuel,28.45760385,-81.45925965,neg_0000068.png
0000069,fuel,32.829190100000005,-96.5962434834472,neg_0000069.png
0000070,fuel,43.6524045,-79.637076,neg_0000070.png
0000071,fuel,33.408593749999994,-84.60067778263553,neg_0000071.png
0000072,fuel,42.244825,-89.0870987,neg_0000072.png
0000073,fuel,33.54425345,-84.57770108346301,neg_0000073.png
0000074,fuel,32.787602250000006,-96.59777706892348,neg_0000074.png
0000075,fuel,44.27397725,-88.46073844163116,neg_0000075.png
0000076,fuel,32.79188995,-96.61235474612629,neg_0000076.png
0000077,fuel,42.24761825,-89.07244829999999,neg_0000077.png
0000078,fuel,41.8934481,-87.6321218,neg_0000078.png
0000079,fuel,32.7899645,-96.59647310296155,neg_0000079.png
0000080,fuel,36.73094325,-86.57893089197952,neg_0000080.png
0000081,fuel,44.2857403,-88.4162460478891,neg_0000081.png
0000082,fuel,42.26173295,-89.09100487458863,neg_0000082.png
0000083,fuel,33.5415802,-84.5763414,neg_0000083.png
0000084,fuel,43.6571724,-79.6389246,neg_0000084.png
0000085,fuel,42.25239775,-89.03421115,neg_0000085.png
0000086,fuel,32.7897153,-96.5952275,neg_0000086.png
0000087,fuel,44.27298215,-88.44922900493827,neg_0000087.png
0000088,fuel,41.8577715,-87.6434452,neg_0000088.png
0000089,fuel,42.23843265,-89.03356344941595,neg_0000089.png
0000090,fuel,32.79130745,-96.5962892229016,neg_0000090.png
0000091,fuel,43.6794974,-79.6687106,neg_0000091.png
0000092,fuel,44.273333,-88.42436006066984,neg_0000092.png
0000093,fuel,44.272272650000005,-88.45028576282895,neg_0000093.png
0000094,fuel,43.6538181,-79.6427058,neg_0000094.png
0000095,fuel,28.4727346,-81.4417227,neg_0000095.png
0000096,fuel,33.538679849999994,-84.57788458242149,neg_0000096.png
0000097,fuel,47.2275813,-122.3356417,neg_0000097.png
0000098,fuel,28.4393424,-81.427424,neg_0000098.png
0000099,fuel,47.226201,-122.29431902226938,neg_0000099.png
0000100,restaurant,47.19397225,-122.29405382498253,neg_0000100.png
0000101,restaurant,28.461452,-81.4580213,neg_0000101.png
0000102,restaurant,28.439454,-81.44700159727387,neg_0000102.png
0000103,restaurant,32.6757242,-117.091528,neg_0000103.png
0000104,restaurant,28.4738156,-81.464978,neg_0000104.png
0000105,restaurant,28.4586907,-81.45926182516715,neg_0000105.png
0000106,restaurant,32.6506662,-117.0888151,neg_0000106.png
0000107,restaurant,38.019435,-84.41980674782609,neg_0000107.png
0000108,restaurant,36.0770245,-80.17658674757692,neg_0000108.png
0000109,restaurant,28.4730779,-81.4654021,neg_0000109.png
0000110,restaurant,44.2717548,-88.46051341516247,neg_0000110.png
0000111,restaurant,28.4741284,-81.46574440700618,neg_0000111.png
0000112,restaurant,44.2884709,-88.4205294,neg_0000112.png
0000113,restaurant,44.28317905,-88.41526078815903,neg_0000113.png
0000114,restaurant,28.4634076,-81.4547296,neg_0000114.png
0000115,restaurant,28.4615686,-81.4532447,neg_0000115.png
0000116,restaurant,32.640219200000004,-117.0967660556608,neg_0000116.png
0000117,restaurant,28.4626494,-81.4621784,neg_0000117.png
0000118,restaurant,44.2832636,-88.4603807,neg_0000118.png
0000119,restaurant,37.9856236,-84.4615299,neg_0000119.png
0000120,restaurant,44.2651756,-88.44538265179602,neg_0000120.png
0000121,restaurant,44.3011708,-88.4142661,neg_0000121.png
0000122,restaurant,28.472983,-81.4654292,neg_0000122.png
0000123,restaurant,28.4633244,-81.46555361107562,neg_0000123.png
0000124,restaurant,32.6453618,-117.0953521,neg_0000124.png
0000125,restaurant,44.27359525,-88.42475644359362,neg_0000125.png
0000126,restaurant,44.2802231,-88.41602744858153,neg_0000126.png
0000127,restaurant,28.4757473,-81.4508079,neg_0000127.png
0000128,restaurant,28.4770272,-81.4577094693743,neg_0000128.png
0000129,restaurant,44.2642502,-88.41604044286197,neg_0000129.png
0000130,restaurant,47.1957175,-122.294125975,neg_0000130.png
0000131,restaurant,28.4728625,-81.4651202,neg_0000131.png
0000132,restaurant,28.4627713,-81.46297911888178,neg_0000132.png
0000133,restaurant,44.28774375,-88.41037744939032,neg_0000133.png
0000134,restaurant,28.461811,-81.451992,neg_0000134.png
0000135,restaurant,28.46768685,-81.45108117502443,neg_0000135.png
0000136,restaurant,38.02294495,-84.42333683994215,neg_0000136.png
0000137,restaurant,38.0102232,-84.42173296136363,neg_0000137.png
0000138,restaurant,28.461507,-81.4566702,neg_0000138.png
0000139,restaurant,28.4756251,-81.45019945158073,neg_0000139.png
0000140,restaurant,28.461359,-81.458022,neg_0000140.png
0000141,restaurant,38.0169494,-84.4549686,neg_0000141.png
0000142,restaurant,38.00936965,-84.45622591973472,neg_0000142.png
0000143,restaurant,28.471729,-81.45373956084573,neg_0000143.png
0000144,restaurant,28.46165155,-81.46162576136834,neg_0000144.png
0000145,restaurant,28.4721604,-81.4660692,neg_0000145.png
0000146,restaurant,44.26259535,-88.44009104190437,neg_0000146.png
0000147,restaurant,28.46240245,-81.45072550575907,neg_0000147.png
0000148,restaurant,38.009445,-84.4566063,neg_0000148.png
0000149,restaurant,28.4621921,-81.4660271,neg_0000149.png
0000150,restaurant,28.4756596,-81.45022975158074,neg_0000150.png
0000151,restaurant,32.6399401,-117.0976525,neg_0000151.png
0000152,restaurant,44.2735447,-88.4201597,neg_0000152.png
0000153,restaurant,28.441848,-81.4492215,neg_0000153.png
0000154,restaurant,28.449707,-81.4261407,neg_0000154.png
0000155,restaurant,44.2867217,-88.4087394,neg_0000155.png
0000156,restaurant,44.2726397,-88.46760595287998,neg_0000156.png
0000157,restaurant,28.4429297,-81.4262044,neg_0000157.png
0000158,restaurant,28.463848,-81.457921,neg_0000158.png
0000159,restaurant,44.2887172,-88.4147265,neg_0000159.png
0000160,restaurant,38.0218349,-84.454409,neg_0000160.png
0000161,restaurant,28.4729347,-81.4655285,neg_0000161.png
0000162,restaurant,47.1957152,-122.2935514649789,neg_0000162.png
0000163,restaurant,28.4772295,-81.4546698,neg_0000163.png
0000164,restaurant,28.4613663,-81.4570269,neg_0000164.png
0000165,restaurant,28.4726324,-81.4661377,neg_0000165.png
0000166,restaurant,28.471675,-81.45162959300906,neg_0000166.png
0000167,restaurant,44.2726295,-88.4430777,neg_0000167.png
0000168,restaurant,28.4640693,-81.4648071,neg_0000168.png
0000169,restaurant,32.63150195,-117.088496,neg_0000169.png
0000170,restaurant,44.27120795,-88.46187478903781,neg_0000170.png
0000171,restaurant,44.2866599,-88.407486,neg_0000171.png
0000172,restaurant,38.016583,-84.4561388,neg_0000172.png
0000173,restaurant,38.0191331,-84.4650767,neg_0000173.png
0000174,restaurant,47.2022629,-122.309162,neg_0000174.png
0000175,restaurant,36.1095404,-80.2138706,neg_0000175.png
0000176,restaurant,47.19278455,-122.29273212530477,neg_0000176.png
0000177,restaurant,38.02218325,-84.42264971267079,neg_0000177.png
0000178,restaurant,44.27517925,-88.41612308605121,neg_0000178.png
0000179,restaurant,44.2633033,-88.416063,neg_0000179.png
0000180,restaurant,28.44132215,-81.4494030161296,neg_0000180.png
0000181,restaurant,38.0233107,-84.4212946,neg_0000181.png
0000182,restaurant,38.0111633,-84.4551736,neg_0000182.png
0000183,restaurant,44.2637273,-88.46804639945175,neg_0000183.png
0000184,restaurant,38.011677,-84.4568067,neg_0000184.png
0000185,restaurant,47.2022322,-122.3090391,neg_0000185.png
0000186,restaurant,28.46293285,-81.45781010901752,neg_0000186.png
0000187,restaurant,44.271134450000005,-88.43373550034369,neg_0000187.png
0000188,restaurant,37.99944725,-84.44510405237847,neg_0000188.png
0000189,restaurant,38.0108564,-84.45743798436469,neg_0000189.png
0000190,restaurant,44.2726337,-88.4425105,neg_0000190.png
0000191,restaurant,28.4723076,-81.46647252770451,neg_0000191.png
0000192,restaurant,28.4628505,-81.45981935,neg_0000192.png
0000193,restaurant,44.2632129,-88.40754393771144,neg_0000193.png
0000194,restaurant,28.4620421,-81.4547616,neg_0000194.png
0000195,restaurant,38.0202806,-84.454066,neg_0000195.png
0000196,restaurant,28.4749952,-81.4508817,neg_0000196.png
0000197,restaurant,28.4613767,-81.4567191,neg_0000197.png
0000198,restaurant,28.4602529,-81.4623624,neg_0000198.png
0000199,restaurant,44.2630365,-88.4160736,neg_0000199.png
0000200,hotel,41.8918965,-87.6262467360032,neg_0000200.png
0000201,hotel,41.8931202,-87.6211313,neg_0000201.png
0000202,hotel,28.45779565,-81.45967084876203,neg_0000202.png
0000203,hotel,28.45246535,-81.46430234899768,neg_0000203.png
0000204,hotel,33.540906449999994,-84.57532202918966,neg_0000204.png
0000205,hotel,41.88886315,-87.62647478330433,neg_0000205.png
0000206,hotel,32.6391969,-117.097032,neg_0000206.png
0000207,hotel,35.79693335,-82.68395301123775,neg_0000207.png
0000208,hotel,28.45180165,-81.4659648020635,neg_0000208.png
0000209,hotel,41.8994988,-87.62038062040884,neg_0000209.png
0000210,hotel,44.26342325,-88.46461118535508,neg_0000210.png
0000211,hotel,41.8691254,-87.62468554470868,neg_0000211.png
0000212,hotel,38.01891265,-84.42483899617741,neg_0000212.png
0000213,hotel,41.8931221,-87.6231004657449,neg_0000213.png
0000214,hotel,44.26277885,-88.46236828899342,neg_0000214.png
0000215,hotel,33.5407122,-84.57829716256211,neg_0000215.png
0000216,hotel,41.8997836,-87.62272655670886,neg_0000216.png
0000217,hotel,41.8920839,-87.62776336087452,neg_0000217.png
0000218,hotel,28.4375027,-81.42748295333024,neg_0000218.png
0000219,hotel,41.88611875,-87.62104583897678,neg_0000219.png
0000220,hotel,32.82032645,-96.63197937891536,neg_0000220.png
0000221,hotel,41.88410915,-87.6336242239835,neg_0000221.png
0000222,hotel,41.8895112,-87.62891044730276,neg_0000222.png
0000223,hotel,28.47507445,-81.45677574999999,neg_0000223.png
0000224,hotel,32.639191999999994,-117.09678760007252,neg_0000224.png
0000225,hotel,41.8846511,-87.6288604268766,neg_0000225.png
0000226,hotel,28.46037315,-81.45991739190245,neg_0000226.png
0000227,hotel,41.8690811,-87.66280813698178,neg_0000227.png
0000228,hotel,28.47682595,-81.46412048448103,neg_0000228.png
0000229,hotel,41.8836071,-87.6430037,neg_0000229.png
0000230,hotel,41.89224765,-87.62730524397084,neg_0000230.png
0000231,hotel,28.4630736,-81.46133539689826,neg_0000231.png
0000232,hotel,41.88511385,-87.62497618140878,neg_0000232.png
0000233,hotel,41.8911493,-87.6278016,neg_0000233.png
0000234,hotel,41.8936483,-87.62195972768879,neg_0000234.png
0000235,hotel,41.88101385,-87.624969502186,neg_0000235.png
0000236,hotel,33.541823300000004,-84.57842519361725,neg_0000236.png
0000237,hotel,41.88087305,-87.64685288524032,neg_0000237.png
0000238,hotel,28.4633404,-81.4596572548714,neg_0000238.png
0000239,hotel,41.8691754,-87.6255333,neg_0000239.png
0000240,hotel,41.8831559,-87.6557867,neg_0000240.png
0000241,hotel,43.65229965,-79.64173488632392,neg_0000241.png
0000242,hotel,41.8972351,-87.6252667,neg_0000242.png
0000243,hotel,33.54501635,-84.57499857112626,neg_0000243.png
0000244,hotel,28.4794979,-81.45713924521952,neg_0000244.png
0000245,hotel,41.887047,-87.62544623710191,neg_0000245.png
0000246,hotel,41.89199515,-87.62486636282762,neg_0000246.png
0000247,hotel,44.2651628,-88.46911209137654,neg_0000247.png
0000248,hotel,28.4752793,-81.45755392801306,neg_0000248.png
0000249,hotel,28.46286965,-81.46657348822897,neg_0000249.png
0000250,hotel,38.0201685,-84.42494525753622,neg_0000250.png
0000251,hotel,41.877401,-87.6475113,neg_0000251.png
0000252,hotel,41.88762175,-87.62544796898817,neg_0000252.png
0000253,hotel,41.8691791,-87.6253081,neg_0000253.png
0000254,hotel,41.8873858,-87.62566353560815,neg_0000254.png
0000255,hotel,28.4609226,-81.46547694259075,neg_0000255.png
0000256,hotel,28.4337515,-81.45198889512088,neg_0000256.png
0000257,hotel,41.89213165,-87.63198546252144,neg_0000257.png
0000258,hotel,41.8947239,-87.62493683221086,neg_0000258.png
0000259,hotel,41.895057050000005,-87.63155851570345,neg_0000259.png
0000260,hotel,41.8896644,-87.6298061,neg_0000260.png
0000261,hotel,41.8876583,-87.6255595,neg_0000261.png
0000262,hotel,28.46036245,-81.45974333235793,neg_0000262.png
0000263,hotel,41.8858848,-87.64913654538836,neg_0000263.png
0000264,hotel,32.676158,-117.107641,neg_0000264.png
0000265,hotel,41.8952458,-87.6233239,neg_0000265.png
0000266,hotel,41.897688,-87.6271039,neg_0000266.png
0000267,hotel,41.8847171,-87.6494782172852,neg_0000267.png
0000268,hotel,28.4481326,-81.46772141950524,neg_0000268.png
0000269,hotel,41.8873452,-87.6195255111655,neg_0000269.png
0000270,hotel,28.4565255,-81.4628009026295,neg_0000270.png
0000271,hotel,41.8996573,-87.62217162868583,neg_0000271.png
0000272,hotel,41.88165725,-87.62498007876066,neg_0000272.png
0000273,hotel,41.8862144,-87.6284910191545,neg_0000273.png
0000274,hotel,28.46559995,-81.46188037469346,neg_0000274.png
0000275,hotel,41.89893285,-87.62571565508456,neg_0000275.png
0000276,hotel,41.8847268,-87.62413350399552,neg_0000276.png
0000277,hotel,28.46852015,-81.46711927976725,neg_0000277.png
0000278,hotel,28.45998205,-81.46198711811542,neg_0000278.png
0000279,hotel,41.8990655,-87.6216042839167,neg_0000279.png
0000280,hotel,28.4565315,-81.46565500768531,neg_0000280.png
0000281,hotel,28.46983245,-81.45218501597077,neg_0000281.png
0000282,hotel,41.88817,-87.63006081450077,neg_0000282.png
0000283,hotel,41.8938745,-87.61560031864947,neg_0000283.png
0000284,hotel,41.8733563,-87.62479072858105,neg_0000284.png
0000285,hotel,41.8870346,-87.62561830020823,neg_0000285.png
0000286,hotel,28.46573485,-81.4610545613319,neg_0000286.png
0000287,hotel,41.88610405,-87.62602935937255,neg_0000287.png
0000288,hotel,41.8906181,-87.62920075064616,neg_0000288.png
0000289,hotel,41.8911139,-87.6299867817537,neg_0000289.png
0000290,hotel,28.464306800000003,-81.45327915126605,neg_0000290.png
0000291,hotel,41.89375755,-87.6223591025805,neg_0000291.png
0000292,hotel,41.89974255,-87.62747636110414,neg_0000292.png
0000293,hotel,32.81945025,-96.63024649999998,neg_0000293.png
0000294,hotel,41.8846408,-87.629045,neg_0000294.png
0000295,hotel,33.543905050000006,-84.57533133847532,neg_0000295.png
0000296,hotel,32.675484,-117.106411,neg_0000296.png
0000297,hotel,41.8985442,-87.62560080490371,neg_0000297.png
0000298,hotel,28.4640862,-81.46206661597634,neg_0000298.png
0000299,hotel,38.01200645,-84.4546363656311,neg_0000299.png
0000300,supermarket,41.8563903,-87.63832842658917,neg_0000300.png
0000301,supermarket,38.849851150000006,-77.1189119433134,neg_0000301.png
0000302,supermarket,32.6401684,-117.0955849,neg_0000302.png
0000303,supermarket,41.8800163,-87.6423494,neg_0000303.png
0000304,supermarket,32.79361565,-96.61039463026054,neg_0000304.png
0000305,supermarket,25.6915688,-100.45656370584254,neg_0000305.png
0000306,supermarket,41.77859075,-87.86245710332165,neg_0000306.png
0000307,supermarket,32.63994925,-117.09550693774035,neg_0000307.png
0000308,supermarket,38.8472348,-77.12438700420378,neg_0000308.png
0000309,supermarket,33.4678512,-112.15066872347462,neg_0000309.png
0000310,supermarket,44.30053915,-88.41896044518987,neg_0000310.png
0000311,supermarket,25.6830207,-100.4835626,neg_0000311.png
0000312,supermarket,32.675986949999995,-117.10548456378956,neg_0000312.png
0000313,supermarket,44.05645975,-121.30124428224954,neg_0000313.png
0000314,supermarket,41.8927815,-87.6189694,neg_0000314.png
0000315,supermarket,36.72597235,-86.57692088462471,neg_0000315.png
0000316,supermarket,38.8737968,-77.10587343192807,neg_0000316.png
0000317,supermarket,28.4476066,-81.4245731,neg_0000317.png
0000318,supermarket,44.0602822,-121.3033711362832,neg_0000318.png
0000319,supermarket,25.6840947,-100.4864371,neg_0000319.png
0000320,supermarket,39.6135441,-119.85222744951362,neg_0000320.png
0000321,supermarket,41.8964677,-87.6285605,neg_0000321.png
0000322,supermarket,44.061849300000006,-121.3283096787532,neg_0000322.png
0000323,supermarket,41.87773595,-87.64470563395287,neg_0000323.png
0000324,supermarket,41.892164,-87.6263766,neg_0000324.png
0000325,supermarket,44.2690979,-88.4622068,neg_0000325.png
0000326,supermarket,44.288861350000005,-88.42363792917496,neg_0000326.png
0000327,supermarket,41.77755975,-87.86329025340771,neg_0000327.png
0000328,supermarket,25.6834114,-100.48423,neg_0000328.png
0000329,supermarket,32.7978976,-96.6123676,neg_0000329.png
0000330,supermarket,42.24184855,-71.84181835,neg_0000330.png
0000331,supermarket,42.25292355,-89.08729669838705,neg_0000331.png
0000332,supermarket,41.8921706,-87.6285729,neg_0000332.png
0000333,supermarket,41.88025125,-87.64761574021696,neg_0000333.png
0000334,supermarket,38.8408733,-77.1071391,neg_0000334.png
0000335,supermarket,32.81249085,-96.59392874867348,neg_0000335.png
0000336,supermarket,39.61536355,-119.85311954570456,neg_0000336.png
0000337,supermarket,33.4669298,-112.1852418,neg_0000337.png
0000338,supermarket,32.6748803,-117.09941574063453,neg_0000338.png
0000339,supermarket,33.401166700000005,-84.5998561155671,neg_0000339.png
0000340,supermarket,-27.4453373,153.172004,neg_0000340.png
0000341,supermarket,41.8041312,-87.89142403311547,neg_0000341.png
0000342,supermarket,32.81385055,-96.6332852781814,neg_0000342.png
0000343,supermarket,41.8639606,-87.6242711,neg_0000343.png
0000344,supermarket,38.87297135,-77.1585359116603,neg_0000344.png
0000345,supermarket,32.6508781,-117.0894418,neg_0000345.png
0000346,supermarket,33.4527461,-112.13355913674224,neg_0000346.png
0000347,supermarket,41.8130174,-87.8693601,neg_0000347.png
0000348,supermarket,41.8678438,-87.6256386,neg_0000348.png
0000349,supermarket,41.882239,-87.64686527905428,neg_0000349.png
0000350,supermarket,41.8682107,-87.6387819,neg_0000350.png
0000351,supermarket,44.2744965,-88.44466843956926,neg_0000351.png
0000352,supermarket,50.9626515,-114.007864,neg_0000352.png
0000353,supermarket,41.8854048,-87.6189659,neg_0000353.png
0000354,supermarket,38.87460125,-77.15336963754007,neg_0000354.png
0000355,supermarket,32.6526909,-117.091309,neg_0000355.png
0000356,supermarket,41.8987068,-87.6280658,neg_0000356.png
0000357,supermarket,25.6887289,-100.4921261,neg_0000357.png
0000358,supermarket,38.8411825,-77.1190576,neg_0000358.png
0000359,supermarket,32.78877335,-96.59923985892958,neg_0000359.png
0000360,supermarket,44.2734593,-88.4343913,neg_0000360.png
0000361,supermarket,44.04703975,-121.32955305019192,neg_0000361.png
0000362,supermarket,43.0760067,-88.46930479194192,neg_0000362.png
0000363,supermarket,32.7874472,-96.5965919,neg_0000363.png
0000364,supermarket,32.67500495,-117.09106834111712,neg_0000364.png
0000365,supermarket,44.2726342,-88.4423405,neg_0000365.png
0000366,supermarket,38.8409144,-77.1199505,neg_0000366.png
0000367,supermarket,32.658835,-117.089328,neg_0000367.png
0000368,supermarket,44.26389385,-88.45649359568725,neg_0000368.png
0000369,supermarket,41.8934915,-87.6262699,neg_0000369.png
0000370,supermarket,38.8556373,-77.14095995,neg_0000370.png
0000371,supermarket,32.6519525,-117.089819,neg_0000371.png
0000372,supermarket,33.46489335,-112.15027842272562,neg_0000372.png
0000373,supermarket,44.03745255,-121.30347522373074,neg_0000373.png
0000374,supermarket,44.0348856,-121.30955356982425,neg_0000374.png
0000375,supermarket,41.8543163,-87.64119827426498,neg_0000375.png
0000376,supermarket,41.86412695,-87.63988686807224,neg_0000376.png
0000377,supermarket,25.6822511,-100.4841227,neg_0000377.png
0000378,supermarket,41.896063,-87.653251,neg_0000378.png
0000379,supermarket,38.8700489,-77.1466806,neg_0000379.png
0000380,supermarket,39.6056033,-119.84012154526027,neg_0000380.png
0000381,supermarket,25.6841482,-100.48666384843,neg_0000381.png
0000382,supermarket,38.8562453,-77.1129434,neg_0000382.png
0000383,supermarket,25.6797361,-100.49375968118773,neg_0000383.png
0000384,supermarket,41.8916289,-87.6205013,neg_0000384.png
0000385,supermarket,41.85931875,-87.62950795446449,neg_0000385.png
0000386,supermarket,41.8659275,-87.623883,neg_0000386.png
0000387,supermarket,44.02366935,-121.3174223094597,neg_0000387.png
0000388,supermarket,41.881089450000005,-87.64792709765771,neg_0000388.png
0000389,supermarket,33.467367550000006,-112.17011132388674,neg_0000389.png
0000390,supermarket,33.3952613,-84.6044987,neg_0000390.png
0000391,supermarket,25.6800608,-100.4904011,neg_0000391.png
0000392,supermarket,41.857125100000005,-87.63744812099594,neg_0000392.png
0000393,supermarket,39.61303945,-119.84770923289554,neg_0000393.png
0000394,supermarket,44.06823045,-121.3014822419469,neg_0000394.png
0000395,supermarket,41.8866379,-87.6221064,neg_0000395.png
0000396,supermarket,32.813298399999994,-96.63668014527435,neg_0000396.png
0000397,supermarket,43.0829463,-88.47149672583478,neg_0000397.png
0000398,supermarket,28.4617992,-81.4532152,neg_0000398.png
0000399,supermarket,41.88871095,-87.64508114635504,neg_0000399.png
0000400,school,43.63552385,-79.6630340754129,neg_0000400.png
0000401,school,42.2642797,-89.032679,neg_0000401.png
0000402,school,41.8916183,-87.6219159,neg_0000402.png
0000403,school,32.668125,-117.105861,neg_0000403.png
0000404,school,39.22521815,-94.4392660042295,neg_0000404.png
0000405,school,42.2536315,-89.0623275,neg_0000405.png
0000406,school,38.0151892,-84.46941650160737,neg_0000406.png
0000407,school,41.8800143,-87.64439370095599,neg_0000407.png
0000408,school,41.870291050000006,-87.63279303329671,neg_0000408.png
0000409,school,41.8965325,-87.65307908545319,neg_0000409.png
0000410,school,39.22407905,-94.46343606169845,neg_0000410.png
0000411,school,39.2244316,-94.43937183398376,neg_0000411.png
0000412,school,32.66589685,-117.10650035805932,neg_0000412.png
0000413,school,41.8965415,-87.6531203,neg_0000413.png
0000414,school,41.8543973,-87.64774499839595,neg_0000414.png
0000415,school,47.2053725,-122.2825237,neg_0000415.png
0000416,school,44.2830931,-88.4124603,neg_0000416.png
0000417,school,29.946974,-97.89645184471266,neg_0000417.png
0000418,school,32.80896765,-96.64362550215812,neg_0000418.png
0000419,school,42.259334,-89.08800741801417,neg_0000419.png
0000420,school,32.8088974,-96.62989953377492,neg_0000420.png
0000421,school,32.67651405,-117.10006426548264,neg_0000421.png
0000422,school,32.6414429,-117.0972517,neg_0000422.png
0000423,school,32.6592202,-117.0922517,neg_0000423.png
0000424,school,36.11326275,-80.19190921023167,neg_0000424.png
0000425,school,41.8796695,-87.6591494910659,neg_0000425.png
0000426,school,39.22690775,-94.46422972349512,neg_0000426.png
0000427,school,38.0255771,-84.44753507749851,neg_0000427.png
0000428,school,41.856972600000006,-87.6450835302797,neg_0000428.png
0000429,school,42.24409035,-89.0780226253436,neg_0000429.png
0000430,school,41.8738759,-87.6605317,neg_0000430.png
0000431,school,32.799388,-96.63720610280254,neg_0000431.png
0000432,school,47.23611885,-122.28398725671336,neg_0000432.png
0000433,school,28.4716713,-81.4270155,neg_0000433.png
0000434,school,42.2264101,-89.0714936,neg_0000434.png
0000435,school,44.26409435,-88.42472271954557,neg_0000435.png
0000436,school,32.65948015,-117.09324875,neg_0000436.png
0000437,school,41.87105905,-87.65378225041812,neg_0000437.png
0000438,school,41.8922628,-87.66122664443105,neg_0000438.png
0000439,school,44.2707974,-88.42468590082673,neg_0000439.png
0000440,school,37.9849189,-84.48017750077094,neg_0000440.png
0000441,school,41.8617941,-87.62450832002389,neg_0000441.png
0000442,school,39.2213918,-94.4463406,neg_0000442.png
0000443,school,32.6427862,-117.0892348,neg_0000443.png
0000444,school,42.2629958,-89.0748255,neg_0000444.png
0000445,school,42.2541349,-89.0604394,neg_0000445.png
0000446,school,32.82767985,-96.63803417624604,neg_0000446.png
0000447,school,44.2811549,-88.4276496,neg_0000447.png
0000448,school,32.6696152,-117.09687281357049,neg_0000448.png
0000449,school,42.261282050000005,-89.04121051398727,neg_0000449.png
0000450,school,42.2261323,-89.0712158,neg_0000450.png
0000451,school,36.1121954,-80.1949029420668,neg_0000451.png
0000452,school,47.1916659,-122.31324577479494,neg_0000452.png
0000453,school,41.880811,-87.649998150399,neg_0000453.png
0000454,school,32.6599452,-117.09391185083882,neg_0000454.png
0000455,school,32.8325627,-96.62647802065776,neg_0000455.png
0000456,school,32.6623228,-117.09371912601245,neg_0000456.png
0000457,school,33.5142,-84.5815,neg_0000457.png
0000458,school,42.2214103,-89.0853827,neg_0000458.png
0000459,school,43.6372616,-79.6367974,neg_0000459.png
0000460,school,44.2700705,-88.40662485049111,neg_0000460.png
0000461,school,36.1112802,-80.1947382,neg_0000461.png
0000462,school,32.8170612,-96.62183084665052,neg_0000462.png
0000463,school,42.2471502,-89.0375342778758,neg_0000463.png
0000464,school,42.23575565,-89.08837382303278,neg_0000464.png
0000465,school,44.2690653,-88.4289903,neg_0000465.png
0000466,school,47.20524695,-122.28242241610242,neg_0000466.png
0000467,school,47.1973496,-122.31247147593184,neg_0000467.png
0000468,school,41.8591188,-87.65255684064807,neg_0000468.png
0000469,school,36.1115815,-80.1922901,neg_0000469.png
0000470,school,39.2222929,-94.43752608604386,neg_0000470.png
0000471,school,42.2264101,-89.0706603,neg_0000471.png
0000472,school,42.2349913,-89.03617080711658,neg_0000472.png
0000473,school,41.8747637,-87.6607627342845,neg_0000473.png
0000474,school,41.867065,-87.65307378176723,neg_0000474.png
0000475,school,36.116804,-80.2128258,neg_0000475.png
0000476,school,38.0242133,-84.4608030035895,neg_0000476.png
0000477,school,36.728374,-86.5836066,neg_0000477.png
0000478,school,38.3769083,-85.6994594,neg_0000478.png
0000479,school,32.6731086,-117.101419,neg_0000479.png
0000480,school,47.1933975,-122.28868458105504,neg_0000480.png
0000481,school,42.23939595,-89.0485909531257,neg_0000481.png
0000482,school,41.88667465,-87.61875832359416,neg_0000482.png
0000483,school,36.0948595,-80.2119925,neg_0000483.png
0000484,school,41.8964215,-87.6531093,neg_0000484.png
0000485,school,41.8629186,-87.66024005207868,neg_0000485.png
0000486,school,41.8666991,-87.62897705805986,neg_0000486.png
0000487,school,44.2813318,-88.42878188491592,neg_0000487.png
0000488,school,44.2640093,-88.4242042,neg_0000488.png
0000489,school,36.7292074,-86.5763844,neg_0000489.png
0000490,school,44.2700744,-88.4254815,neg_0000490.png
0000491,school,41.8964545,-87.62751848078376,neg_0000491.png
0000492,school,42.2650201,-89.0834392,neg_0000492.png
0000493,school,41.8795082,-87.65746648145779,neg_0000493.png
0000494,school,42.2299046,-89.07136560000001,neg_0000494.png
0000495,school,41.8651431,-87.65361390814564,neg_0000495.png
0000496,school,32.817392049999995,-96.610687485225,neg_0000496.png
0000497,school,39.18884065,-94.48490588824497,neg_0000497.png
0000498,school,44.26772375,-88.42715344261731,neg_0000498.png
0000499,school,32.8181077,-96.6137199025386,neg_0000499.png
0000500,park,47.23175215,-122.32071956908956,neg_0000500.png
0000501,park,44.3039477,-88.44657099297933,neg_0000501.png
0000502,park,28.45451195,-81.46175355952394,neg_0000502.png
0000503,park,47.204832550000006,-122.33556465462009,neg_0000503.png
0000504,park,47.20451715,-122.27544375535872,neg_0000504.png
0000505,park,42.259187,-89.063161,neg_0000505.png
0000506,park,32.634779249999994,-117.10555356758744,neg_0000506.png
0000507,park,36.1117407,-80.21996824560495,neg_0000507.png
0000508,park,36.0877466,-80.20685075713715,neg_0000508.png
0000509,park,47.23792345,-122.29835032439208,neg_0000509.png
0000510,park,42.2641869,-89.0470496,neg_0000510.png
0000511,park,39.2269876,-94.45673046631784,neg_0000511.png
0000512,park,44.2805885,-88.41546335769053,neg_0000512.png
0000513,park,32.79241395,-96.5868166027572,neg_0000513.png
0000514,park,28.4589526,-81.44935704586521,neg_0000514.png
0000515,park,38.00453865,-84.42291039591505,neg_0000515.png
0000516,park,39.19140075,-94.48061583503036,neg_0000516.png
0000517,park,42.26282355,-89.04846742851787,neg_0000517.png
0000518,park,34.2658381,-83.79627764744592,neg_0000518.png
0000519,park,32.7854176,-96.63901129415244,neg_0000519.png
0000520,park,47.23228855,-122.3187921508974,neg_0000520.png
0000521,park,36.08252135,-80.20167366640638,neg_0000521.png
0000522,park,47.19880155,-122.28802290991734,neg_0000522.png
0000523,park,44.3015273,-88.42954807012629,neg_0000523.png
0000524,park,32.8099945,-96.64279323643296,neg_0000524.png
0000525,park,44.29371755,-88.44561792027653,neg_0000525.png
0000526,park,32.64864385,-117.0898042375718,neg_0000526.png
0000527,park,42.2622239,-89.0856473925335,neg_0000527.png
0000528,park,42.25761265,-89.09086902490094,neg_0000528.png
0000529,park,42.259377,-89.06333994280266,neg_0000529.png
0000530,park,38.012996650000005,-84.47117789556188,neg_0000530.png
0000531,park,47.2347643,-122.28208263666318,neg_0000531.png
0000532,park,47.2044006,-122.33091979274243,neg_0000532.png
0000533,park,29.9418254,-97.90238597659436,neg_0000533.png
0000534,park,47.20138455,-122.33118724396728,neg_0000534.png
0000535,park,44.28417105,-88.42357822795762,neg_0000535.png
0000536,park,44.30613475,-88.43792586833409,neg_0000536.png
0000537,park,47.19620205,-122.2929973915682,neg_0000537.png
0000538,park,42.25505795,-89.08520376126393,neg_0000538.png
0000539,park,28.45525745,-81.4615551851831,neg_0000539.png
0000540,park,33.4177958,-84.65038673844157,neg_0000540.png
0000541,park,42.2611313,-89.0498274,neg_0000541.png
0000542,park,47.2296064,-122.31815349514704,neg_0000542.png
0000543,park,47.21172405,-122.33267723818176,neg_0000543.png
0000544,park,37.99932935,-84.45222971960227,neg_0000544.png
0000545,park,36.72943505,-86.54744447474744,neg_0000545.png
0000546,park,47.2221192,-122.33764627544248,neg_0000546.png
0000547,park,33.41534125,-84.60617785045875,neg_0000547.png
0000548,park,29.9483924,-97.89568813359696,neg_0000548.png
0000549,park,47.22541305,-122.29179483617656,neg_0000549.png
0000550,park,44.2655458,-88.42538724051172,neg_0000550.png
0000551,park,32.8153655,-96.59296792487775,neg_0000551.png
0000552,park,47.20037015,-122.3154467503835,neg_0000552.png
0000553,park,38.0194427,-84.42932186684783,neg_0000553.png
0000554,park,32.7982303,-96.635874424917,neg_0000554.png
0000555,park,32.7851501,-96.5877508645128,neg_0000555.png
0000556,park,32.6645453,-117.10632465386962,neg_0000556.png
0000557,park,29.9393023,-97.89884626258376,neg_0000557.png
0000558,park,42.23373235,-89.0362159904193,neg_0000558.png
0000559,park,47.20451745,-122.27542509893104,neg_0000559.png
0000560,park,38.02024215,-84.45897763309625,neg_0000560.png
0000561,park,42.24955905,-89.07054743399671,neg_0000561.png
0000562,park,32.66969025,-117.1188795127561,neg_0000562.png
0000563,park,28.4544771,-81.4613383271276,neg_0000563.png
0000564,park,37.98851455,-84.41862916722735,neg_0000564.png
0000565,park,47.2304377,-122.3189905121109,neg_0000565.png
0000566,park,32.8181911,-96.60945994271545,neg_0000566.png
0000567,park,29.9421148,-97.9017975484052,neg_0000567.png
0000568,park,42.2227992,-89.0842716,neg_0000568.png
0000569,park,32.80822795,-96.58988171118916,neg_0000569.png
0000570,park,32.80447155,-96.63597233792116,neg_0000570.png
0000571,park,39.2258384,-94.44401862949442,neg_0000571.png
0000572,park,47.20139895,-122.3348823950098,neg_0000572.png
0000573,park,42.24771595,-89.04246317103834,neg_0000573.png
0000574,park,47.20462475,-122.330974875,neg_0000574.png
0000575,park,42.2303921,-89.036396,neg_0000575.png
0000576,park,44.28575355,-88.41028190827555,neg_0000576.png
0000577,park,33.410437349999995,-84.61201347462293,neg_0000577.png
0000578,park,33.4138314,-84.60567010066262,neg_0000578.png
0000579,park,47.22864435,-122.3168952287691,neg_0000579.png
0000580,park,44.2668192,-88.41241282111457,neg_0000580.png
0000581,park,47.20367295,-122.33630225,neg_0000581.png
0000582,park,32.7867774,-96.63421495187713,neg_0000582.png
0000583,park,44.2649386,-88.43216312799352,neg_0000583.png
0000584,park,42.2264101,-89.0626045,neg_0000584.png
0000585,park,47.22145305,-122.3390430149546,neg_0000585.png
0000586,park,36.7300197,-86.58333532275677,neg_0000586.png
0000587,park,44.305520650000005,-88.40517253549646,neg_0000587.png
0000588,park,44.2915455,-88.46398311287034,neg_0000588.png
0000589,park,32.80582245,-96.6034596965888,neg_0000589.png
0000590,park,47.23846165,-122.28315972860756,neg_0000590.png
0000591,park,47.23884645,-122.27306738603632,neg_0000591.png
0000592,park,32.82954325,-96.63649915101394,neg_0000592.png
0000593,park,28.4329824,-81.42732642572076,neg_0000593.png
0000594,park,39.22722755,-94.48343612593553,neg_0000594.png
0000595,park,32.636122,-117.09996139285714,neg_0000595.png
0000596,park,28.45916845,-81.45148195000831,neg_0000596.png
0000597,park,32.64835025,-117.088473229657,neg_0000597.png
0000598,park,32.8297463,-96.6056657652432,neg_0000598.png
0000599,park,32.7910799,-96.60750935,neg_0000599.png
0000600,playground,41.8879102,-87.61787569672686,neg_0000600.png
0000601,playground,41.8818255,-87.61886826623505,neg_0000601.png
0000602,playground,33.4105325,-84.61205866870523,neg_0000602.png
0000603,playground,41.862275,-87.66004889999999,neg_0000603.png
0000604,playground,41.86208235,-87.62627234360795,neg_0000604.png
0000605,playground,41.8643937,-87.65707703727941,neg_0000605.png
0000606,playground,47.20461065,-122.27543743384662,neg_0000606.png
0000607,playground,38.01183505,-84.47154119110408,neg_0000607.png
0000608,playground,41.86545905,-87.65861935,neg_0000608.png
0000609,playground,44.2833001,-88.41191795,neg_0000609.png
0000610,playground,41.8797781,-87.64477313727136,neg_0000610.png
0000611,playground,44.2936493,-88.4434056,neg_0000611.png
0000612,playground,47.2019282,-122.33107180590515,neg_0000612.png
0000613,playground,47.22700184999999,-122.33555991410256,neg_0000613.png
0000614,playground,47.22210845,-122.33755474501262,neg_0000614.png
0000615,playground,36.08673805,-80.20478667831955,neg_0000615.png
0000616,playground,41.8704399,-87.65244123288633,neg_0000616.png
0000617,playground,39.1913938,-94.4823698,neg_0000617.png
0000618,playground,32.66596395,-117.10606698615268,neg_0000618.png
0000619,playground,41.88791855,-87.61748493515539,neg_0000619.png
0000620,playground,41.8646056,-87.61494772364216,neg_0000620.png
0000621,playground,41.87457175,-87.66141986460178,neg_0000621.png
0000622,playground,41.8636138,-87.66093075,neg_0000622.png
0000623,playground,32.6647654,-117.10620199741564,neg_0000623.png
0000624,playground,39.1907814,-94.4798515,neg_0000624.png
0000625,playground,47.23181265,-122.32073116051237,neg_0000625.png
0000626,playground,41.86097585,-87.62067978129515,neg_0000626.png
0000627,playground,38.00370335,-84.42323723210012,neg_0000627.png
0000628,playground,38.01501565,-84.47145837607667,neg_0000628.png
0000629,playground,44.30563145,-88.43863914817685,neg_0000629.png
0000630,playground,32.663950650000004,-117.10576766452724,neg_0000630.png
0000631,playground,38.0153035,-84.45678181663145,neg_0000631.png
0000632,playground,38.0118567,-84.4715311,neg_0000632.png
0000633,playground,44.27730735,-88.44969146640827,neg_0000633.png
0000634,playground,41.86500355,-87.6525713695607,neg_0000634.png
0000635,playground,41.87045265,-87.65526620992453,neg_0000635.png
0000636,playground,41.89860715,-87.63961360245229,neg_0000636.png
0000637,playground,41.855820050000005,-87.62916938121622,neg_0000637.png
0000638,playground,47.1930438,-122.28920410840897,neg_0000638.png
0000639,playground,41.85494245,-87.64741944546265,neg_0000639.png
0000640,playground,41.879907450000005,-87.64990296093285,neg_0000640.png
0000641,playground,44.26668745,-88.41270182681943,neg_0000641.png
0000642,playground,41.88230475,-87.61809769597991,neg_0000642.png
0000643,playground,28.47887075,-81.4393903398142,neg_0000643.png
0000644,playground,36.7582122,-86.56456538535224,neg_0000644.png
0000645,playground,41.85817535,-87.65253969613087,neg_0000645.png
0000646,playground,41.85890045,-87.66332092033666,neg_0000646.png
0000647,playground,44.28406165,-88.46013034307602,neg_0000647.png
0000648,playground,41.897079950000006,-87.62243018513767,neg_0000648.png
0000649,playground,32.662490500000004,-117.09301847361304,neg_0000649.png
0000650,playground,41.85500845,-87.63367321752716,neg_0000650.png
0000651,playground,32.80566505,-96.60457445,neg_0000651.png
0000652,playground,41.8796595,-87.65999260645162,neg_0000652.png
0000653,playground,44.2975968,-88.41482566404245,neg_0000653.png
0000654,playground,47.20013575,-122.31545702269231,neg_0000654.png
0000655,playground,42.26072085,-89.08291372290296,neg_0000655.png
0000656,playground,32.66583145,-117.10674577802774,neg_0000656.png
0000657,playground,41.88185515,-87.61914241614312,neg_0000657.png
0000658,playground,36.72891775,-86.5837980824655,neg_0000658.png
0000659,playground,44.2652199,-88.43179659174213,neg_0000659.png
0000660,playground,41.86490615,-87.65592947715783,neg_0000660.png
0000661,playground,36.08844265,-80.21020964396047,neg_0000661.png
0000662,playground,36.73331705,-86.58030712031592,neg_0000662.png
0000663,playground,44.27028915,-88.4065800510842,neg_0000663.png
0000664,playground,28.44077175,-81.4479427812712,neg_0000664.png
0000665,playground,32.66218845,-117.0928007080121,neg_0000665.png
0000666,playground,42.2624225,-89.07462405029511,neg_0000666.png
0000667,playground,28.47506465,-81.42641575073085,neg_0000667.png
0000668,playground,47.2216117,-122.33901294863244,neg_0000668.png
0000669,playground,32.789806150000004,-96.60308835230698,neg_0000669.png
0000670,playground,41.89376595,-87.65786915000001,neg_0000670.png
0000671,playground,41.8831139,-87.65946919575994,neg_0000671.png
0000672,playground,36.0797761,-80.20118524789561,neg_0000672.png
0000673,playground,41.8985956,-87.6253332524621,neg_0000673.png
0000674,playground,41.86455175,-87.65810186502117,neg_0000674.png
0000675,playground,28.4757423,-81.4413523,neg_0000675.png
0000676,playground,41.86553795,-87.66039214915139,neg_0000676.png
0000677,playground,41.888746600000005,-87.64317385999169,neg_0000677.png
0000678,playground,44.29701085,-88.40906084198541,neg_0000678.png
0000679,playground,47.23785845,-122.29849075051663,neg_0000679.png
0000680,playground,36.7301529,-86.5829247,neg_0000680.png
0000681,playground,32.63634145,-117.1048723320673,neg_0000681.png
0000682,playground,47.22952805,-122.31808284181312,neg_0000682.png
0000683,playground,41.86475885,-87.66085333992122,neg_0000683.png
0000684,playground,32.662852900000004,-117.0932095963557,neg_0000684.png
0000685,playground,32.6657467,-117.10661955,neg_0000685.png
0000686,playground,41.8589721,-87.6423531505814,neg_0000686.png
0000687,playground,42.24934095,-89.07012258416286,neg_0000687.png
0000688,playground,44.27913135,-88.41663862480289,neg_0000688.png
0000689,playground,42.26082885,-89.08316899927462,neg_0000689.png
0000690,playground,47.22415095,-122.29511992107774,neg_0000690.png
0000691,playground,33.415473750000004,-84.60583247579973,neg_0000691.png
0000692,playground,32.7955011,-96.5949646,neg_0000692.png
0000693,playground,41.893693,-87.64237081740576,neg_0000693.png
0000694,playground,41.86112605,-87.64562432113146,neg_0000694.png
0000695,playground,41.88221105,-87.61865013577585,neg_0000695.png
0000696,playground,47.23229035,-122.31881292971464,neg_0000696.png
0000697,playground,36.7320228,-86.54773447433041,neg_0000697.png
0000698,playground,41.8655733,-87.660979425,neg_0000698.png
0000699,playground,41.86829025,-87.62961171970392,neg_0000699.png
0000700,parking,28.45790225,-81.46287733045438,neg_0000700.png
0000701,parking,28.47880715,-81.464840774897,neg_0000701.png
0000702,parking,28.4757376,-81.46085153936353,neg_0000702.png
0000703,parking,28.43567705,-81.42611249189268,neg_0000703.png
0000704,parking,28.47843115,-81.45610436112064,neg_0000704.png
0000705,parking,28.43479005,-81.46468849784242,neg_0000705.png
0000706,parking,28.4357854,-81.46388237951008,neg_0000706.png
0000707,parking,28.45917585,-81.45147905329512,neg_0000707.png
0000708,parking,28.445355,-81.45915909185993,neg_0000708.png
0000709,parking,28.46806635,-81.4662769,neg_0000709.png
0000710,parking,28.46831445,-81.44477559030742,neg_0000710.png
0000711,parking,28.43503905,-81.46547460706002,neg_0000711.png
0000712,parking,28.4671914,-81.44500876609564,neg_0000712.png
0000713,parking,28.44276245,-81.4559169470713,neg_0000713.png
0000714,parking,28.4649505,-81.46336296331168,neg_0000714.png
0000715,parking,28.4644768,-81.4630101726145,neg_0000715.png
0000716,parking,28.44722195,-81.44823010288522,neg_0000716.png
0000717,parking,28.4789189,-81.45475536743015,neg_0000717.png
0000718,parking,28.4476045,-81.4587250818497,neg_0000718.png
0000719,parking,28.46460345,-81.45959891295757,neg_0000719.png
0000720,parking,28.435027,-81.46428489210825,neg_0000720.png
0000721,parking,28.4782988,-81.45804565,neg_0000721.png
0000722,parking,28.46981735,-81.46607620533628,neg_0000722.png
0000723,parking,28.43547715,-81.46490185850371,neg_0000723.png
0000724,parking,28.4565901,-81.46496387472479,neg_0000724.png
0000725,parking,28.4707135,-81.44714735276511,neg_0000725.png
0000726,parking,28.467825,-81.449694435776,neg_0000726.png
0000727,parking,28.4393836,-81.44081791950913,neg_0000727.png
0000728,parking,28.4605952,-81.45688136487874,neg_0000728.png
0000729,parking,28.4613199,-81.46212303626154,neg_0000729.png
0000730,parking,28.47717505,-81.45623103268704,neg_0000730.png
0000731,parking,28.46294,-81.46447436730084,neg_0000731.png
0000732,parking,28.475386800000003,-81.44926312569909,neg_0000732.png
0000733,parking,28.46002075,-81.46121379739975,neg_0000733.png
0000734,parking,28.43648025,-81.42796112039686,neg_0000734.png
0000735,parking,28.43705615,-81.44279068114066,neg_0000735.png
0000736,parking,28.45860945,-81.45324530722066,neg_0000736.png
0000737,parking,28.4585868,-81.4608638,neg_0000737.png
0000738,parking,28.4350468,-81.45224756059721,neg_0000738.png
0000739,parking,28.4481105,-81.46813035013707,neg_0000739.png
0000740,parking,28.4444404,-81.46292211587229,neg_0000740.png
0000741,parking,28.4789189,-81.45445769316032,neg_0000741.png
0000742,parking,28.4355239,-81.46404302600101,neg_0000742.png
0000743,parking,28.47793355,-81.44698215,neg_0000743.png
0000744,parking,28.4617821,-81.46305453473322,neg_0000744.png
0000745,parking,28.46221055,-81.46571864412996,neg_0000745.png
0000746,parking,28.4721226,-81.46222620360196,neg_0000746.png
0000747,parking,28.4645949,-81.46364931568644,neg_0000747.png
0000748,parking,28.43522795,-81.46430854146297,neg_0000748.png
0000749,parking,28.441603800000003,-81.45632155528295,neg_0000749.png
0000750,parking,28.4594644,-81.460768899508,neg_0000750.png
0000751,parking,28.4459301,-81.4568324560829,neg_0000751.png
0000752,parking,28.4710954,-81.44922528366939,neg_0000752.png
0000753,parking,28.4348695,-81.46384373115426,neg_0000753.png
0000754,parking,28.4457278,-81.46048766426236,neg_0000754.png
0000755,parking,28.4385554,-81.44332137730191,neg_0000755.png
0000756,parking,28.4517869,-81.46550763100632,neg_0000756.png
0000757,parking,28.45674025,-81.46286487161876,neg_0000757.png
0000758,parking,28.43608455,-81.46435461935141,neg_0000758.png
0000759,parking,28.4350482,-81.46373417070384,neg_0000759.png
0000760,parking,28.4601879,-81.46418850611373,neg_0000760.png
0000761,parking,28.47642115,-81.45827243075223,neg_0000761.png
0000762,parking,28.47151925,-81.4466455658953,neg_0000762.png
0000763,parking,28.4654982,-81.44850357510748,neg_0000763.png
0000764,parking,28.45833355,-81.46219175937298,neg_0000764.png
0000765,parking,28.45116145,-81.46504915633136,neg_0000765.png
0000766,parking,28.4695239,-81.44962066812374,neg_0000766.png
0000767,parking,28.462443800000003,-81.4659226695,neg_0000767.png
0000768,parking,28.4591722,-81.45970752532043,neg_0000768.png
0000769,parking,28.47561075,-81.45231263542719,neg_0000769.png
0000770,parking,28.440827,-81.46020906878408,neg_0000770.png
0000771,parking,28.4345066,-81.45174505,neg_0000771.png
0000772,parking,28.46669095,-81.4552610294403,neg_0000772.png
0000773,parking,28.45775445,-81.46152112010807,neg_0000773.png
0000774,parking,28.4372405,-81.4435254495914,neg_0000774.png
0000775,parking,28.4352679,-81.44600350956193,neg_0000775.png
0000776,parking,28.43457725,-81.4274509061628,neg_0000776.png
0000777,parking,28.46154755,-81.46160985,neg_0000777.png
0000778,parking,28.44274515,-81.44939193211175,neg_0000778.png
0000779,parking,28.47811045,-81.46392855377013,neg_0000779.png
0000780,parking,28.46058255,-81.46602573148755,neg_0000780.png
0000781,parking,28.47902305,-81.45802036819093,neg_0000781.png
0000782,parking,28.43967635,-81.44289448078831,neg_0000782.png
0000783,parking,28.462524100000003,-81.46528968100169,neg_0000783.png
0000784,parking,28.4621781,-81.46642933465111,neg_0000784.png
0000785,parking,28.45629535,-81.46618011403602,neg_0000785.png
0000786,parking,28.4677312,-81.45558877776384,neg_0000786.png
0000787,parking,28.46039355,-81.45924734494048,neg_0000787.png
0000788,parking,28.4589204,-81.46311136880473,neg_0000788.png
0000789,parking,28.457983,-81.4535466402109,neg_0000789.png
0000790,parking,28.4607222,-81.46149813863182,neg_0000790.png
0000791,parking,28.44566255,-81.4618605535726,neg_0000791.png
0000792,parking,28.4451252,-81.44707925148462,neg_0000792.png
0000793,parking,28.4609417,-81.45311146434179,neg_0000793.png
0000794,parking,28.43485105,-81.46501532868587,neg_0000794.png
0000795,parking,28.46432635,-81.45950760838384,neg_0000795.png
0000796,parking,28.444413,-81.45604060938689,neg_0000796.png
0000797,parking,28.4643509,-81.45443539944222,neg_0000797.png
0000798,parking,28.43718945,-81.44072680889155,neg_0000798.png
0000799,parking,28.44270185,-81.4643867290167,neg_0000799.png
0000800,sports_centre,38.8714951,-77.143242914942,neg_0000800.png
0000801,sports_centre,47.2044406,-122.2754353,neg_0000801.png
0000802,sports_centre,28.4343972,-81.46416944357652,neg_0000802.png
0000803,sports_centre,39.8032724,-104.9826016861082,neg_0000803.png
0000804,sports_centre,38.8587308,-77.11582937646783,neg_0000804.png
0000805,sports_centre,38.8733541,-77.13727883922832,neg_0000805.png
0000806,sports_centre,41.8622218,-87.65133238526735,neg_0000806.png
0000807,sports_centre,41.8796599,-87.66278675027196,neg_0000807.png
0000808,sports_centre,-27.4379142,153.14905310395488,neg_0000808.png
0000809,sports_centre,44.2650012,-88.4677727,neg_0000809.png
0000810,sports_centre,38.86130045,-77.13572529999999,neg_0000810.png
0000811,sports_centre,50.9505679,-114.0015394,neg_0000811.png
0000812,sports_centre,28.4565388,-81.4613583,neg_0000812.png
0000813,sports_centre,44.0528301,-121.2945195,neg_0000813.png
0000814,sports_centre,44.2825995,-88.46851588602453,neg_0000814.png
0000815,sports_centre,29.9436055,-90.1176604,neg_0000815.png
0000816,sports_centre,41.77532525,-87.86284699902228,neg_0000816.png
0000817,sports_centre,38.871563300000005,-77.12534714852568,neg_0000817.png
0000818,sports_centre,38.85061705,-77.10201081976899,neg_0000818.png
0000819,sports_centre,41.86797435,-87.6618533505945,neg_0000819.png
0000820,sports_centre,44.2672213,-88.4261603,neg_0000820.png
0000821,sports_centre,41.8665919,-87.64837471442524,neg_0000821.png
0000822,sports_centre,38.8716925,-77.12564178646144,neg_0000822.png
0000823,sports_centre,33.394663800000004,-84.59878331441635,neg_0000823.png
0000824,sports_centre,32.791554,-96.621064,neg_0000824.png
0000825,sports_centre,41.86332135,-87.64818625091208,neg_0000825.png
0000826,sports_centre,41.771279750000005,-87.88592181137783,neg_0000826.png
0000827,sports_centre,25.69040745,-100.44682650008926,neg_0000827.png
0000828,sports_centre,44.26351165,-88.46162973891111,neg_0000828.png
0000829,sports_centre,41.873239350000006,-87.64651660662895,neg_0000829.png
0000830,sports_centre,44.0592695,-121.29436314897728,neg_0000830.png
0000831,sports_centre,44.059094650000006,-121.29439815,neg_0000831.png
0000832,sports_centre,47.19365925,-122.29675976106122,neg_0000832.png
0000833,sports_centre,41.8577325,-87.6220283457289,neg_0000833.png
0000834,sports_centre,38.8717593,-77.125295255429,neg_0000834.png
0000835,sports_centre,40.0607338,-86.15158099505894,neg_0000835.png
0000836,sports_centre,43.635895700000006,-79.66069564078452,neg_0000836.png
0000837,sports_centre,41.86185735,-87.66287455659645,neg_0000837.png
0000838,sports_centre,29.9184568,-97.87246684958332,neg_0000838.png
0000839,sports_centre,41.80797025,-87.8605064162331,neg_0000839.png
0000840,sports_centre,44.0576321,-121.301452,neg_0000840.png
0000841,sports_centre,41.8969425,-87.63928297029531,neg_0000841.png
0000842,sports_centre,41.86468885,-87.657407972132,neg_0000842.png
0000843,sports_centre,44.2675877,-88.42770333055131,neg_0000843.png
0000844,sports_centre,44.0382124,-121.2903616,neg_0000844.png
0000845,sports_centre,41.87043015,-87.6546855222006,neg_0000845.png
0000846,sports_centre,37.99382095,-84.44151704284232,neg_0000846.png
0000847,sports_centre,41.873518700000005,-87.64652388749062,neg_0000847.png
0000848,sports_centre,38.8718439,-77.12495855,neg_0000848.png
0000849,sports_centre,33.0017093,-97.04388927327383,neg_0000849.png
0000850,sports_centre,43.6350191,-79.659509,neg_0000850.png
0000851,sports_centre,44.2630613,-88.42423785939087,neg_0000851.png
0000852,sports_centre,40.0237423,-78.52040621995914,neg_0000852.png
0000853,sports_centre,44.03470275,-121.29853926673196,neg_0000853.png
0000854,sports_centre,36.7579095,-86.56499908384419,neg_0000854.png
0000855,sports_centre,38.87547605,-77.13313425,neg_0000855.png
0000856,sports_centre,42.26922575,-71.84413544493417,neg_0000856.png
0000857,sports_centre,44.2807877,-88.4161228,neg_0000857.png
0000858,sports_centre,36.73091825,-86.54929605000001,neg_0000858.png
0000859,sports_centre,28.4643764,-81.4596711767397,neg_0000859.png
0000860,sports_centre,44.2816515,-88.46875573053089,neg_0000860.png
0000861,sports_centre,41.8966275,-87.66141890335714,neg_0000861.png
0000862,sports_centre,32.659937549999995,-117.09445390366032,neg_0000862.png
0000863,sports_centre,44.0505024,-121.3304275,neg_0000863.png
0000864,sports_centre,36.1128611,-80.20368345566871,neg_0000864.png
0000865,sports_centre,38.86029255,-77.11572464252231,neg_0000865.png
0000866,sports_centre,-27.4432448,153.16723463598697,neg_0000866.png
0000867,sports_centre,44.06016305,-121.30995425,neg_0000867.png
0000868,sports_centre,41.81366575,-87.83518364951394,neg_0000868.png
0000869,sports_centre,37.210405,-93.3932133255461,neg_0000869.png
0000870,sports_centre,38.8530825,-77.10579225000001,neg_0000870.png
0000871,sports_centre,41.8588968,-87.63276401549939,neg_0000871.png
0000872,sports_centre,38.85207285,-77.10480450503327,neg_0000872.png
0000873,sports_centre,38.873030400000005,-77.13370358171872,neg_0000873.png
0000874,sports_centre,29.9435368,-90.11671508999494,neg_0000874.png
0000875,sports_centre,44.0391028,-121.3032356,neg_0000875.png
0000876,sports_centre,41.879916300000005,-87.66042076323194,neg_0000876.png
0000877,sports_centre,38.8497264,-77.1232505,neg_0000877.png
0000878,sports_centre,50.9616581,-114.00608440378248,neg_0000878.png
0000879,sports_centre,29.94378065,-90.11755746228027,neg_0000879.png
0000880,sports_centre,33.459239049999994,-112.13222107424056,neg_0000880.png
0000881,sports_centre,38.83859135,-77.10374095,neg_0000881.png
0000882,sports_centre,41.897175450000006,-87.61788656601382,neg_0000882.png
0000883,sports_centre,44.3299353,-88.196467,neg_0000883.png
0000884,sports_centre,38.8494396,-77.1233785,neg_0000884.png
0000885,sports_centre,38.864235,-77.13162994988915,neg_0000885.png
0000886,sports_centre,44.056032900000005,-121.32850505,neg_0000886.png
0000887,sports_centre,41.88005245,-87.65236844920159,neg_0000887.png
0000888,sports_centre,41.8840436,-87.6287724,neg_0000888.png
0000889,sports_centre,25.698988,-100.4584414037181,neg_0000889.png
0000890,sports_centre,28.44804715,-81.46315999943874,neg_0000890.png
0000891,sports_centre,41.8020992,-87.8914235,neg_0000891.png
0000892,sports_centre,32.805392,-96.63644105012916,neg_0000892.png
0000893,sports_centre,28.46082785,-81.46301889027549,neg_0000893.png
0000894,sports_centre,34.23578515,-83.81952938698286,neg_0000894.png
0000895,sports_centre,44.0354932,-121.33668761532785,neg_0000895.png
0000896,sports_centre,41.96806105,-88.01005202486114,neg_0000896.png
0000897,sports_centre,38.84146045,-77.10534835,neg_0000897.png
0000898,sports_centre,44.05768575,-121.29702023919518,neg_0000898.png
0000899,sports_centre,44.0592191,-121.3146172,neg_0000899.png
0000900,hospital,33.4655579,-112.1438076,neg_0000900.png
0000901,hospital,37.9963767,-84.439219,neg_0000901.png
0000902,hospital,41.8959269,-87.6358841,neg_0000902.png
0000903,hospital,50.9783769,-114.011582,neg_0000903.png
0000904,hospital,47.1930828,-122.2766486,neg_0000904.png
0000905,hospital,41.8815534,-87.6487643,neg_0000905.png
0000906,hospital,50.951472,-114.000352,neg_0000906.png
0000907,hospital,39.6170489,-119.8542458,neg_0000907.png
0000908,hospital,41.8853858,-87.6542542,neg_0000908.png
0000909,hospital,44.2732127,-88.4127239,neg_0000909.png
0000910,hospital,38.8709501,-77.1585161,neg_0000910.png
0000911,hospital,41.8636346,-87.6238399,neg_0000911.png
0000912,hospital,33.465119,-112.16598309358491,neg_0000912.png
0000913,hospital,38.8373433,-77.1053657,neg_0000913.png
0000914,hospital,42.2646119,-89.0744292,neg_0000914.png
0000915,hospital,28.4445254,-81.4334436,neg_0000915.png
0000916,hospital,50.9434449,-114.0016812,neg_0000916.png
0000917,hospital,32.828795,-96.62232819919964,neg_0000917.png
0000918,hospital,38.8393217,-77.1203206,neg_0000918.png
0000919,hospital,41.8620975,-87.6238181,neg_0000919.png
0000920,hospital,38.870704,-77.1578105,neg_0000920.png
0000921,hospital,38.8413394,-77.107843,neg_0000921.png
0000922,hospital,44.2863948,-88.406546,neg_0000922.png
0000923,hospital,41.8829912,-87.6448274,neg_0000923.png
0000924,hospital,39.6134407,-119.8479384,neg_0000924.png
0000925,hospital,38.8708598,-77.1581365,neg_0000925.png
0000926,hospital,38.8396785,-77.1191432,neg_0000926.png
0000927,hospital,42.265438,-89.07431508707822,neg_0000927.png
0000928,hospital,41.8829316,-87.626816,neg_0000928.png
0000929,hospital,38.8395597,-77.1190884,neg_0000929.png
0000930,hospital,41.7966188,-87.88601930223905,neg_0000930.png
0000931,hospital,44.29940225,-88.426375995566,neg_0000931.png
0000932,hospital,33.3973519,-84.6032271,neg_0000932.png
0000933,hospital,33.45929695,-112.18005071076854,neg_0000933.png
0000934,hospital,38.02225155,-84.47286468344763,neg_0000934.png
0000935,hospital,41.8931536,-87.6221021,neg_0000935.png
0000936,hospital,39.6044448,-119.8409432,neg_0000936.png
0000937,hospital,39.6170056,-119.8542941,neg_0000937.png
0000938,hospital,32.804897,-96.5952275,neg_0000938.png
0000939,hospital,41.8937558,-87.6201039,neg_0000939.png
0000940,hospital,38.0063587,-84.435351,neg_0000940.png
0000941,hospital,41.894585,-87.62154622794023,neg_0000941.png
0000942,hospital,39.616919,-119.8543905,neg_0000942.png
0000943,hospital,41.8791116,-87.6470923,neg_0000943.png
0000944,hospital,41.8681113,-87.6320338,neg_0000944.png
0000945,hospital,44.26394385,-88.45702562496096,neg_0000945.png
0000946,hospital,38.8397434,-77.1187169,neg_0000946.png
0000947,hospital,41.8710904,-87.6273192,neg_0000947.png
0000948,hospital,41.896267550000005,-87.62187049596228,neg_0000948.png
0000949,hospital,38.0128366,-84.42112004580845,neg_0000949.png
0000950,hospital,41.8896279,-87.6229919,neg_0000950.png
0000951,hospital,34.0389815,-117.499418,neg_0000951.png
0000952,hospital,38.8680999,-77.1418896,neg_0000952.png
0000953,hospital,32.7877644,-96.59625805,neg_0000953.png
0000954,hospital,42.2610137,-89.0571772,neg_0000954.png
0000955,hospital,38.8709593,-77.1583269,neg_0000955.png
0000956,hospital,38.87067,-77.1577447,neg_0000956.png
0000957,hospital,32.7871702,-96.5972193,neg_0000957.png
0000958,hospital,37.99940405,-84.4395289193269,neg_0000958.png
0000959,hospital,38.8668026,-77.1509587,neg_0000959.png
0000960,hospital,41.8797955,-87.6474668,neg_0000960.png
0000961,hospital,44.2940613,-88.41649740262059,neg_0000961.png
0000962,hospital,33.4657548,-112.1438988,neg_0000962.png
0000963,hospital,32.8037921,-96.5938327,neg_0000963.png
0000964,hospital,38.024081,-84.4244515,neg_0000964.png
0000965,hospital,42.2646406,-89.0730194,neg_0000965.png
0000966,hospital,41.8861818,-87.6247897,neg_0000966.png
0000967,hospital,38.8479852,-77.1174512,neg_0000967.png
0000968,hospital,37.9934714,-84.4637751,neg_0000968.png
0000969,hospital,42.2672382,-71.8448016,neg_0000969.png
0000970,hospital,38.8707002,-77.1580392,neg_0000970.png
0000971,hospital,38.8710489,-77.1584915,neg_0000971.png
0000972,hospital,41.8964204,-87.6350706,neg_0000972.png
0000973,hospital,41.8784695,-87.6422835,neg_0000973.png
0000974,hospital,41.8033628,-87.8898071,neg_0000974.png
0000975,hospital,41.8794147,-87.6428421,neg_0000975.png
0000976,hospital,41.8148258,-87.8741719,neg_0000976.png
0000977,hospital,39.6051762,-119.8410933,neg_0000977.png
0000978,hospital,38.859432,-77.1021737,neg_0000978.png
0000979,hospital,33.4670833,-112.1671278,neg_0000979.png
0000980,hospital,38.8711061,-77.1585956,neg_0000980.png
0000981,hospital,41.8851269,-87.6542248,neg_0000981.png
0000982,hospital,41.885923250000005,-87.65801296632516,neg_0000982.png
0000983,hospital,41.8869587,-87.6481641,neg_0000983.png
0000984,hospital,38.8706411,-77.1577002,neg_0000984.png
0000985,hospital,41.8914172,-87.62936770268746,neg_0000985.png
0000986,hospital,41.8142593,-87.8766643,neg_0000986.png
0000987,hospital,41.8855573,-87.624911,neg_0000987.png
0000988,hospital,38.8396632,-77.1192022,neg_0000988.png
0000989,hospital,41.8582175,-87.62514949282635,neg_0000989.png
0000990,hospital,39.6158961,-119.8547971,neg_0000990.png
0000991,hospital,38.8706739,-77.1577539,neg_0000991.png
0000992,hospital,41.8718574,-87.6420301,neg_0000992.png
0000993,hospital,33.3960915,-84.6024811,neg_0000993.png
0000994,hospital,38.8709834,-77.1585866,neg_0000994.png
0000995,hospital,28.4393296,-81.4457094,neg_0000995.png
0000996,hospital,41.8838635,-87.6598548,neg_0000996.png
0000997,hospital,42.2651903,-89.07423865637206,neg_0000997.png
0000998,hospital,28.4422462,-81.44811783466932,neg_0000998.png
0000999,hospital,32.7913132,-96.610596,neg_0000999.png
